,id,name,has_decreasing_clusters,num_decreasing_clusters,moment,decreasing_cluster_indices,mean
0,1000166,AS010,False,0,0.0,,0
1,1000167,AS011,False,0,0.0,,0
2,1000180,AS012,False,0,0.0,,0
3,1000184,AS013,True,1,1.5,6,10.0
4,1000185,AS014,False,0,0.0,,0
5,1000186,AS015,False,0,0.0,,0
6,1000187,AS016,False,0,0.0,,0
7,1000188,AS017,False,0,0.0,,0
8,1000189,AS018,False,0,0.0,,0
9,1000190,AS019,False,0,0.0,,0
10,1000191,AS020,True,2,0.5,"0, 1",33.0
11,1000192,AS021,False,0,0.0,,0
12,1000194,AS023,True,1,0.5,0,5.0
13,1000195,AS024,False,0,0.0,,0
14,1000196,AS025,False,0,0.0,,0
15,1000197,AS026A,False,0,0.0,,0
16,1000198,AS026B,False,0,0.0,,0
17,1000199,AS027,False,0,0.0,,0
18,1000200,AS028,True,1,-3.0,0,3.0
19,1000201,AS029,False,0,0.0,,0
20,1000206,AS035C,False,0,0.0,,0
21,1000207,AS035D,False,0,0.0,,0
22,1000235,AS036,True,1,1.5,5,12.0
23,1000236,AS037,True,1,-0.5,2,6.0
24,1000213,AS039,True,2,-1.5,"1, 5",3.5
25,1000209,AS041,False,0,0.0,,0
26,1000210,AS042,False,0,0.0,,0
27,1000211,AS043,False,0,0.0,,0
28,1000345,AS044,False,0,0.0,,0
29,1000212,AS045,True,1,4.0,8,23.0
30,1000229,AS048,False,0,0.0,,0
31,1000361,AS050,False,0,0.0,,0
32,1000179,AS054,False,0,0.0,,0
33,1000182,AS055,False,0,0.0,,0
34,1000173,AS059,False,0,0.0,,0
35,1000171,AS060,True,1,-1.0,0,2.0
36,1000177,AS061/MA036,False,0,0.0,,0
37,1000178,AS062,False,0,0.0,,0
38,1000216,AS063,False,0,0.0,,0
39,1000223,AS063B,False,0,0.0,,0
40,1000217,AS064,False,0,0.0,,0
41,1000218,AS065,False,0,0.0,,0
42,1000224,AS065B,True,1,0.0,0,6.0
43,1000369,AS066,False,0,0.0,,0
44,1000096,AS069,False,0,0.0,,0
45,1000368,AS071,False,0,0.0,,0
46,1000174,AS073,False,0,0.0,,0
47,1000366,AS074,False,0,0.0,,0
48,1000342,AS075,False,0,0.0,,0
49,1000220,AS076,False,0,0.0,,0
50,1000221,AS077,False,0,0.0,,0
51,1000172,AS078,False,0,0.0,,0
52,1000346,AS079,False,0,0.0,,0
53,1000222,AS080,False,0,0.0,,0
54,1000225,AS081,False,0,0.0,,0
55,1000226,AS082,False,0,0.0,,0
56,1000168,AS083,False,0,0.0,,0
57,1000231,AS085,False,0,0.0,,0
58,1000232,AS089,False,0,0.0,,0
59,1000233,AS090/N2,False,0,0.0,,0
60,1000234,AS092,True,1,5.0,9,16.0
61,1000365,AS093,False,0,0.0,,0
62,1000227,AS094,False,0,0.0,,0
63,1000043,AS101 - Part 1,False,0,0.0,,0
64,1000044,AS101 - Part 2,False,0,0.0,,0
65,1000054,AS110,False,0,0.0,,0
66,1000055,AS111,True,1,0.5,1,54.0
67,1000056,AS112,False,0,0.0,,0
68,1000071,AS115,False,0,0.0,,0
69,1000078,AS122,False,0,0.0,,0
70,1000082,AS125,False,0,0.0,,0
71,1000085,AS128,False,0,0.0,,0
72,1000086,AS129,False,0,0.0,,0
73,1000090,AS132,False,0,0.0,,0
74,1000091,AS133,False,0,0.0,,0
75,1000092,AS134,True,1,3.0,5,13.0
76,1000112,AS137,False,0,0.0,,0
77,1000114,AS139,False,0,0.0,,0
78,1000117,AS142,False,0,0.0,,0
79,1000128,AS153,False,0,0.0,,0
80,1000130,AS155,True,1,0.0,0,5.0
81,1000131,AS156,False,0,0.0,,0
82,1000132,AS157,False,0,0.0,,0
83,1000133,AS158,False,0,0.0,,0
84,1000058,AS159,False,0,0.0,,0
85,1000064,AS160,False,0,0.0,,0
86,1000138,AS164,False,0,0.0,,0
87,1000142,AS168,False,0,0.0,,0
88,1000143,AS169,True,1,-1.5,2,3.0
89,1000144,AS170,False,0,0.0,,0
90,1000145,AS171,False,0,0.0,,0
91,1000146,AS172,True,1,2.0,7,13.0
92,1000059,AS173,True,1,1.5,2,30.0
93,1000060,AS174,False,0,0.0,,0
94,1000149,AS177,False,0,0.0,,0
95,1000150,AS178,True,1,3.0,6,6.0
96,1000154,AS182,False,0,0.0,,0
97,1000155,AS182B,False,0,0.0,,0
98,1000156,AS183,False,0,0.0,,0
99,1000157,AS184,False,0,0.0,,0
100,1000158,AS185,True,1,1.5,3,7.0
101,1000159,AS186,False,0,0.0,,0
102,1000160,AS187,False,0,0.0,,0
103,1000161,AS188,True,1,1.0,1,47.0
104,1000162,AS189,True,2,-0.5,"0, 2",15.0
105,1000066,AS191,False,0,0.0,,0
106,1000067,AS192,False,0,0.0,,0
107,1000068,AS193,False,0,0.0,,0
108,1000061,AS194,False,0,0.0,,0
109,1000062,AS195,False,0,0.0,,0
110,1000069,AS196,False,0,0.0,,0
111,1000070,AS197,False,0,0.0,,0
112,1000163,AS198,False,0,0.0,,0
113,1000164,AS199,False,0,0.0,,0
114,1000165,AS200,False,0,0.0,,0
115,1000026,AS201,False,0,0.0,,0
116,1000013,AS202,False,0,0.0,,0
117,1000014,AS203,True,1,-3.0,1,3.0
118,1000027,AS204,False,0,0.0,,0
119,1000028,AS205,False,0,0.0,,0
120,1000015,AS206,False,0,0.0,,0
121,1000029,AS207A,False,0,0.0,,0
122,1000030,AS207B,False,0,0.0,,0
123,1000031,AS207C,False,0,0.0,,0
124,1000032,AS209,False,0,0.0,,0
125,1000017,AS210,False,0,0.0,,0
126,1000033,AS211,False,0,0.0,,0
127,1000034,AS212,True,4,-1.0,"0, 2, 4, 12",9.75
128,1000035,AS213,False,0,0.0,,0
129,1000036,AS214,False,0,0.0,,0
130,1000037,AS215,False,0,0.0,,0
131,1000038,AS215F,False,0,0.0,,0
132,1000204,AS35A,False,0,0.0,,0
133,1000205,AS35B,False,0,0.0,,0
134,1000420,HP001,False,0,0.0,,0
135,1000421,HP002,False,0,0.0,,0
136,1000422,HP003,False,0,0.0,,0
137,1000423,HP004,False,0,0.0,,0
138,1000424,HP005,False,0,0.0,,0
139,1000425,HP006,False,0,0.0,,0
140,1000426,HP007,False,0,0.0,,0
141,1000427,HP008,False,0,0.0,,0
142,1000428,HP009,False,0,0.0,,0
143,1000429,HP010,False,0,0.0,,0
144,1000430,HP011,False,0,0.0,,0
145,1000431,HP012,False,0,0.0,,0
146,1000432,HP013,False,0,0.0,,0
147,1000433,HP014,False,0,0.0,,0
148,1000434,HP015,False,0,0.0,,0
149,1000435,HP016,False,0,0.0,,0
150,1000436,HP017,False,0,0.0,,0
151,1000437,HP018,False,0,0.0,,0
152,1000438,HP019,True,1,1.0,2,2.0
153,1000439,HP020,False,0,0.0,,0
154,1000440,HP021,False,0,0.0,,0
155,1000441,HP022,False,0,0.0,,0
156,1000442,HP023,False,0,0.0,,0
157,1000443,HP024,False,0,0.0,,0
158,1000444,HP025,False,0,0.0,,0
159,1000445,HP026,False,0,0.0,,0
160,1000446,HP027,False,0,0.0,,0
161,1000447,HP028,False,0,0.0,,0
162,1000448,HP029,False,0,0.0,,0
163,1000449,HP030,False,0,0.0,,0
164,1000450,HP031,False,0,0.0,,0
165,1000451,HP032,False,0,0.0,,0
166,1000562,HP033,False,0,0.0,,0
167,1000563,HP034,False,0,0.0,,0
168,1000566,HP037,False,0,0.0,,0
169,1000567,HP038,False,0,0.0,,0
170,1000593,HP039,False,0,0.0,,0
171,1000569,HP040,False,0,0.0,,0
172,1000571,HP042,False,0,0.0,,0
173,1000572,HP043,True,1,-0.5,0,4.0
174,1000573,HP044,False,0,0.0,,0
175,1000575,HP046 A,False,0,0.0,,0
176,1000576,HP046 B,False,0,0.0,,0
177,1000579,HP049,False,0,0.0,,0
178,1000580,HP050,False,0,0.0,,0
179,1000581,HP051 A,True,1,3.0,7,8.0
180,1000582,HP051 B,True,1,5.0,10,5.0
181,1000583,HP052,False,0,0.0,,0
182,1000584,HP053,False,0,0.0,,0
183,1000585,HP054,False,0,0.0,,0
184,1000586,HP056,False,0,0.0,,0
185,1000587,HP057,False,0,0.0,,0
186,1000625,JC001,True,5,0.4,"0, 2, 4, 5, 6",14.2
187,1000626,JC002,False,0,0.0,,0
188,1000627,JC003,True,1,1.0,1,8.0
189,1000628,JC004,False,0,0.0,,0
190,1000629,JC005,False,0,0.0,,0
191,1000630,JC006,False,0,0.0,,0
192,1000631,JC007,False,0,0.0,,0
193,1000632,JC008,False,0,0.0,,0
194,1000633,JC009,False,0,0.0,,0
195,1000634,JC010,False,0,0.0,,0
196,1000635,JC011,False,0,0.0,,0
197,1000636,JC012,False,0,0.0,,0
198,1000637,JC013,False,0,0.0,,0
199,1000638,JC014,False,0,0.0,,0
200,1000639,JC015,False,0,0.0,,0
201,1000640,JC016,False,0,0.0,,0
202,1000641,JC017,True,1,0.5,0,60.0
203,1000642,JC018,False,0,0.0,,0
204,1000643,JC019,True,1,0.5,0,21.0
205,1000644,JC020,False,0,0.0,,0
206,1000645,JC021,False,0,0.0,,0
207,1000646,JC022,False,0,0.0,,0
208,1000647,JC023,False,0,0.0,,0
209,1000012,UR002,False,0,0.0,,0
210,1000020,UR003,False,0,0.0,,0
211,1000005,UR005,False,0,0.0,,0
212,1000025,UR006,False,0,0.0,,0
213,1000006,UR007,False,0,0.0,,0
214,1000001,UR008,False,0,0.0,,0
215,1000019,UR009,False,0,0.0,,0
216,1000004,UR010,True,1,-12.0,2,13.0
217,1000007,UR011,False,0,0.0,,0
218,1000009,UR012,True,1,-2.0,3,20.0
219,1000008,UR013,False,0,0.0,,0
220,1000011,UR014,False,0,0.0,,0
221,1000010,UR015,False,0,0.0,,0
222,1000018,UR016,False,0,0.0,,0
223,1000003,UR018,False,0,0.0,,0
224,1000000,UR019,False,0,0.0,,0
225,1000002,UR020,False,0,0.0,,0
226,1000022,UR021,False,0,0.0,,0
227,1000045,UR022,True,1,-4.5,10,17.0
228,1000307,UR023,False,0,0.0,,0
229,1000306,UR024,False,0,0.0,,0
230,1000335,UR026,True,1,-2.5,0,13.0
231,1000303,UR027,False,0,0.0,,0
232,1000304,UR028,True,1,-2.0,1,18.0
233,1000305,UR029,False,0,0.0,,0
234,1000330,UR032,False,0,0.0,,0
235,1000276,UR033,False,0,0.0,,0
236,1000380,UR034,False,0,0.0,,0
237,1000331,UR037,True,1,-10.0,3,2.0
238,1000277,UR038,False,0,0.0,,0
239,1000098,UR040,False,0,0.0,,0
240,1000099,UR041,False,0,0.0,,0
241,1000100,UR042,False,0,0.0,,0
242,1000332,UR045,False,0,0.0,,0
243,1000241,UR046,False,0,0.0,,0
244,1000240,UR047,False,0,0.0,,0
245,1000239,UR048,False,0,0.0,,0
246,1000238,UR049,True,1,-7.5,6,11.0
247,1000375,UR051,False,0,0.0,,0
248,1000265,UR053A,False,0,0.0,,0
249,1000266,UR053B,False,0,0.0,,0
250,1000267,UR053C,False,0,0.0,,0
251,1000268,UR053D,False,0,0.0,,0
252,1000269,UR053E,False,0,0.0,,0
253,1000295,UR056A,False,0,0.0,,0
254,1000296,UR056B,False,0,0.0,,0
255,1000297,UR056C,False,0,0.0,,0
256,1000309,UR057,False,0,0.0,,0
257,1000298,UR058A,False,0,0.0,,0
258,1000299,UR058B,False,0,0.0,,0
259,1000390,UR059,False,0,0.0,,0
260,1000264,UR060,False,0,0.0,,0
261,1000246,UR061,True,1,4.0,8,27.0
262,1000243,UR062,False,0,0.0,,0
263,1000259,UR063,False,0,0.0,,0
264,1000263,UR064,False,0,0.0,,0
265,1000242,UR065,False,0,0.0,,0
266,1000261,UR066,True,1,0.0,2,6.0
267,1000260,UR067,False,0,0.0,,0
268,1000262,UR068,True,4,1.25,"4, 6, 10, 15",11.75
269,1000245,UR069,False,0,0.0,,0
270,1000247,UR070,False,0,0.0,,0
271,1000248,UR071,False,0,0.0,,0
272,1000249,UR072,False,0,0.0,,0
273,1000250,UR073,False,0,0.0,,0
274,1000251,UR074,False,0,0.0,,0
275,1000252,UR075,False,0,0.0,,0
276,1000253,UR076,False,0,0.0,,0
277,1000244,UR077,False,0,0.0,,0
278,1000254,UR078,False,0,0.0,,0
279,1000255,UR079,False,0,0.0,,0
280,1000256,UR080,False,0,0.0,,0
281,1000257,UR081,False,0,0.0,,0
282,1000258,UR082,False,0,0.0,,0
283,1000319,UR084,False,0,0.0,,0
284,1000280,UR085,False,0,0.0,,0
285,1000336,UR086,False,0,0.0,,0
286,1000273,UR087,False,0,0.0,,0
287,1000270,UR088,False,0,0.0,,0
288,1000275,UR089,False,0,0.0,,0
289,1000274,UR090,False,0,0.0,,0
290,1000271,UR091,False,0,0.0,,0
291,1000272,UR092,False,0,0.0,,0
292,1000321,UR093,False,0,0.0,,0
293,1000337,UR094,False,0,0.0,,0
294,1000338,UR095,False,0,0.0,,0
295,1000339,UR096,False,0,0.0,,0
296,1000340,UR097,False,0,0.0,,0
297,1000347,UR098,False,0,0.0,,0
298,1000348,UR099,False,0,0.0,,0
299,1000349,UR100,False,0,0.0,,0
300,1000350,UR101,False,0,0.0,,0
301,1000351,UR102,False,0,0.0,,0
302,1000352,UR103,False,0,0.0,,0
303,1000103,UR1032,False,0,0.0,,0
304,1000105,UR1033A,False,0,0.0,,0
305,1000106,UR1033B,False,0,0.0,,0
306,1000107,UR1033C,False,0,0.0,,0
307,1000108,UR1033D,False,0,0.0,,0
308,1000109,UR1033E,False,0,0.0,,0
309,1000110,UR1033F,False,0,0.0,,0
310,1000111,UR1033G,False,0,0.0,,0
311,1000333,UR1034,True,1,-6.0,2,2.0
312,1000353,UR104,False,0,0.0,,0
313,1000208,UR1040,False,0,0.0,,0
314,1000230,UR1049,False,0,0.0,,0
315,1000354,UR105,False,0,0.0,,0
316,1000214,UR1051,False,0,0.0,,0
317,1000170,UR1052,False,0,0.0,,0
318,1000169,UR1053,False,0,0.0,,0
319,1000183,UR1057,False,0,0.0,,0
320,1000176,UR1058,True,2,3.0,"5, 8",1.0
321,1000355,UR106,False,0,0.0,,0
322,1000356,UR107,False,0,0.0,,0
323,1000357,UR108,False,0,0.0,,0
324,1000344,UR1084,False,0,0.0,,0
325,1000310,UR1087,False,0,0.0,,0
326,1000313,UR1088,True,3,-1.167,"3, 8, 20",3.0
327,1000358,UR109,False,0,0.0,,0
328,1000312,UR1091,False,0,0.0,,0
329,1000314,UR1095,False,0,0.0,,0
330,1000315,UR1096,False,0,0.0,,0
331,1000039,UR1097,False,0,0.0,,0
332,1000040,UR1098,False,0,0.0,,0
333,1000041,UR1099,False,0,0.0,,0
334,1000042,UR1100,True,1,-1.5,2,9.0
335,1000046,UR1102,False,0,0.0,,0
336,1000047,UR1103,False,0,0.0,,0
337,1000048,UR1104,False,0,0.0,,0
338,1000049,UR1105,True,2,0.5,"0, 1",23.5
339,1000050,UR1106,True,1,-0.5,4,9.0
340,1000051,UR1107,False,0,0.0,,0
341,1000052,UR1108,False,0,0.0,,0
342,1000053,UR1109,False,0,0.0,,0
343,1000359,UR111,False,0,0.0,,0
344,1000057,UR1113,True,4,-0.75,"3, 7, 8, 9",51.0
345,1000063,UR1114,False,0,0.0,,0
346,1000072,UR1116,False,0,0.0,,0
347,1000073,UR1117,False,0,0.0,,0
348,1000074,UR1118,False,0,0.0,,0
349,1000075,UR1119,False,0,0.0,,0
350,1000076,UR1120,False,0,0.0,,0
351,1000077,UR1121,False,0,0.0,,0
352,1000079,UR1123,False,0,0.0,,0
353,1000080,UR1124,False,0,0.0,,0
354,1000081,UR1124 Detail 1,False,0,0.0,,0
355,1000083,UR1126,False,0,0.0,,0
356,1000084,UR1127,False,0,0.0,,0
357,1000292,UR113,True,5,-5.3,"2, 4, 11, 13, 16",39.4
358,1000087,UR1130,False,0,0.0,,0
359,1000089,UR1131,False,0,0.0,,0
360,1000093,UR1135,False,0,0.0,,0
361,1000094,UR1136,False,0,0.0,,0
362,1000113,UR1138,False,0,0.0,,0
363,1000287,UR114,False,0,0.0,,0
364,1000115,UR1140,False,0,0.0,,0
365,1000116,UR1141,False,0,0.0,,0
366,1000118,UR1143,False,0,0.0,,0
367,1000119,UR1144,False,0,0.0,,0
368,1000120,UR1145,False,0,0.0,,0
369,1000121,UR1146,False,0,0.0,,0
370,1000122,UR1147,False,0,0.0,,0
371,1000123,UR1148,False,0,0.0,,0
372,1000124,UR1149,False,0,0.0,,0
373,1000125,UR1150,False,0,0.0,,0
374,1000126,UR1151,True,1,0.0,1,6.0
375,1000127,UR1152,True,1,-1.0,10,60.0
376,1000129,UR1154,False,0,0.0,,0
377,1000134,UR1161,False,0,0.0,,0
378,1000135,UR1162A,False,0,0.0,,0
379,1000136,UR1162B,False,0,0.0,,0
380,1000137,UR1163,True,2,1.5,"2, 3",6.0
381,1000139,UR1165,False,0,0.0,,0
382,1000140,UR1166,False,0,0.0,,0
383,1000141,UR1167,False,0,0.0,,0
384,1000285,UR116A,False,0,0.0,,0
385,1000283,UR116B,False,0,0.0,,0
386,1000147,UR1175,True,2,14.5,"30, 42",12.0
387,1000148,UR1176,False,0,0.0,,0
388,1000151,UR1179,False,0,0.0,,0
389,1000288,UR117A,False,0,0.0,,0
390,1000289,UR117B,True,1,1.0,2,3.0
391,1000290,UR117C,False,0,0.0,,0
392,1000291,UR117D,False,0,0.0,,0
393,1000293,UR118,False,0,0.0,,0
394,1000152,UR1180,False,0,0.0,,0
395,1000329,UR119,False,0,0.0,,0
396,1000320,UR120,False,0,0.0,,0
397,1000322,UR121,False,0,0.0,,0
398,1000323,UR122,False,0,0.0,,0
399,1000324,UR123,False,0,0.0,,0
400,1000325,UR124,False,0,0.0,,0
401,1000326,UR125,False,0,0.0,,0
402,1000328,UR127,False,0,0.0,,0
403,1000377,UR128,True,2,-1.0,"0, 2",12.5
404,1000378,UR129,False,0,0.0,,0
405,1000316,UR130,False,0,0.0,,0
406,1000300,UR131A,False,0,0.0,,0
407,1000301,UR131B,False,0,0.0,,0
408,1000302,UR131C,False,0,0.0,,0
409,1000317,UR132,False,0,0.0,,0
410,1000452,UR134,False,0,0.0,,0
411,1000389,UR135,False,0,0.0,,0
412,1000388,UR136,False,0,0.0,,0
413,1000387,UR137,False,0,0.0,,0
414,1000386,UR138,False,0,0.0,,0
415,1000407,UR139,False,0,0.0,,0
416,1000408,UR140,False,0,0.0,,0
417,1000409,UR141,False,0,0.0,,0
418,1000406,UR142,False,0,0.0,,0
419,1000401,UR143,False,0,0.0,,0
420,1000415,UR145,False,0,0.0,,0
421,1000418,UR146,False,0,0.0,,0
422,1000400,UR147,False,0,0.0,,0
423,1000414,UR148,False,0,0.0,,0
424,1000413,UR149,False,0,0.0,,0
425,1000405,UR150,False,0,0.0,,0
426,1000404,UR151,False,0,0.0,,0
427,1000402,UR152,False,0,0.0,,0
428,1000403,UR153,False,0,0.0,,0
429,1000399,UR154,False,0,0.0,,0
430,1000410,UR156,False,0,0.0,,0
431,1000416,UR157,False,0,0.0,,0
432,1000417,UR158,False,0,0.0,,0
433,1000411,UR159,False,0,0.0,,0
434,1000397,UR160,False,0,0.0,,0
435,1000395,UR161,False,0,0.0,,0
436,1000393,UR162,False,0,0.0,,0
437,1000412,UR164,False,0,0.0,,0
438,1000496,UR166,False,0,0.0,,0
439,1000475,UR168,True,2,0.5,"2, 3",14.0
440,1000477,UR169,False,0,0.0,,0
441,1000492,UR170,False,0,0.0,,0
442,1000478,UR171,False,0,0.0,,0
443,1000479,UR172,False,0,0.0,,0
444,1000481,UR173,False,0,0.0,,0
445,1000480,UR174,False,0,0.0,,0
446,1000483,UR175,False,0,0.0,,0
447,1000494,UR177,False,0,0.0,,0
448,1000485,UR178,False,0,0.0,,0
449,1000489,UR179,False,0,0.0,,0
450,1000486,UR180,False,0,0.0,,0
451,1000482,UR182,False,0,0.0,,0
452,1000487,UR183,False,0,0.0,,0
453,1000488,UR184,False,0,0.0,,0
454,1000490,UR185,False,0,0.0,,0
455,1000497,UR186,False,0,0.0,,0
456,1000495,UR187,False,0,0.0,,0
457,1000499,UR188,False,0,0.0,,0
458,1000500,UR189,False,0,0.0,,0
459,1000502,UR191,False,0,0.0,,0
460,1000503,UR192,False,0,0.0,,0
461,1000505,UR194,False,0,0.0,,0
462,1000506,UR195,True,1,17.0,38,1.0
463,1000507,UR196,True,1,-1.5,2,1.0
464,1000508,UR197,False,0,0.0,,0
465,1000509,UR198,False,0,0.0,,0
466,1000510,UR199,False,0,0.0,,0
467,1000511,UR200,False,0,0.0,,0
468,1000512,UR201,False,0,0.0,,0
469,1000513,UR202,False,0,0.0,,0
470,1000514,UR203,False,0,0.0,,0
471,1000515,UR204,True,1,-6.0,1,32.0
472,1000516,UR205,False,0,0.0,,0
473,1000517,UR206,False,0,0.0,,0
474,1000518,UR207,False,0,0.0,,0
475,1000519,UR208,True,6,6.5,"12, 15, 17, 27, 28, 30",17.5
476,1000520,UR209,False,0,0.0,,0
477,1000521,UR210,False,0,0.0,,0
478,1000522,UR211,False,0,0.0,,0
479,1000523,UR212,True,1,6.0,13,17.0
480,1000524,UR213,False,0,0.0,,0
481,1000525,UR214,False,0,0.0,,0
482,1000526,UR215,False,0,0.0,,0
483,1000527,UR216,False,0,0.0,,0
484,1000528,UR217,False,0,0.0,,0
485,1000529,UR218,False,0,0.0,,0
486,1000530,UR219,False,0,0.0,,0
487,1000531,UR220,False,0,0.0,,0
488,1000533,UR222,False,0,0.0,,0
489,1000534,UR223,False,0,0.0,,0
490,1000535,UR225,False,0,0.0,,0
491,1000536,UR226,False,0,0.0,,0
492,1000537,UR227,False,0,0.0,,0
493,1000538,UR228,False,0,0.0,,0
494,1000539,UR229,False,0,0.0,,0
495,1000540,UR230,False,0,0.0,,0
496,1000541,UR231,True,4,-0.75,"27, 30, 41, 55",18.5
497,1000542,UR232,True,1,8.5,18,15.0
498,1000543,UR233,False,0,0.0,,0
499,1000544,UR234,False,0,0.0,,0
500,1000545,UR235,False,0,0.0,,0
501,1000551,UR237,True,1,5.5,11,30.0
502,1000552,UR238,False,0,0.0,,0
503,1000553,UR239,False,0,0.0,,0
504,1000554,UR240,False,0,0.0,,0
505,1000549,UR241,False,0,0.0,,0
506,1000547,UR242,False,0,0.0,,0
507,1000548,UR243,False,0,0.0,,0
508,1000555,UR244,True,1,-2.5,2,17.0
509,1000550,UR245,False,0,0.0,,0
510,1000556,UR246,False,0,0.0,,0
511,1000558,UR247,False,0,0.0,,0
512,1000559,UR248,False,0,0.0,,0
513,1000560,UR249,False,0,0.0,,0
514,1000561,UR250,False,0,0.0,,0
515,1000589,UR251,False,0,0.0,,0
516,1000590,UR252,False,0,0.0,,0
517,1000592,UR254,False,0,0.0,,0
518,1000597,UR255,False,0,0.0,,0
519,1000598,UR256,False,0,0.0,,0
520,1000595,UR257,False,0,0.0,,0
521,1000599,UR258,False,0,0.0,,0
522,1000600,UR259,False,0,0.0,,0
523,1000601,UR260,False,0,0.0,,0
524,1000602,UR261,False,0,0.0,,0
525,1000603,UR262,False,0,0.0,,0
526,1000604,UR263,True,6,-11.667,"3, 5, 11, 20, 25, 40",3.667
527,1000605,UR264,False,0,0.0,,0
528,1000606,UR265,False,0,0.0,,0
529,1000607,UR266,False,0,0.0,,0
530,1000608,UR267A,False,0,0.0,,0
531,1000609,UR267B,False,0,0.0,,0
532,1000610,UR268,False,0,0.0,,0
533,1000611,UR269,True,1,34.5,87,21.0
534,1000612,UR270,True,1,-7.5,4,148.0
535,1000613,UR271,True,1,-1.0,0,202.0
536,1000614,UR272,True,1,12.0,24,2.0
537,1000615,UR273A,False,0,0.0,,0
538,1000616,UR273B,False,0,0.0,,0
539,1000617,UR274A,False,0,0.0,,0
540,1000618,UR274B,False,0,0.0,,0
541,1000619,UR275,False,0,0.0,,0
542,1000620,UR276,False,0,0.0,,0
543,1000622,UR277,False,0,0.0,,0
544,1000623,UR278,True,2,-4.0,"2, 25",184.0
545,1000621,UR279,False,0,0.0,,0
546,1000649,UR282,True,1,0.5,2,15.0
547,1000650,UR283,False,0,0.0,,0
548,1000651,UR284,False,0,0.0,,0
549,1000652,UR285,False,0,0.0,,0
550,1000653,UR286,False,0,0.0,,0
551,1000654,UR287,False,0,0.0,,0
552,1000655,UR288,False,0,0.0,,0
553,1000656,UR289,False,0,0.0,,0
554,1000657,UR290,False,0,0.0,,0
555,1000658,UR291A,False,0,0.0,,0
556,1000660,UR293,False,0,0.0,,0
557,1000661,UR294,False,0,0.0,,0
558,6000000,AS001,False,0,0.0,,0
559,6000001,AS002,False,0,0.0,,0
560,6000002,AS003,False,0,0.0,,0
561,6000003,AS004,False,0,0.0,,0
562,6000004,AS005,False,0,0.0,,0
563,6000005,AS006,False,0,0.0,,0
564,6000006,AS007,False,0,0.0,,0
565,6000007,AS008,False,0,0.0,,0
566,6000008,AS009,True,1,-1.5,0,27.0
567,6000009,AS072,True,2,1.0,"6, 8",32.5
568,6000010,HP045,False,0,0.0,,0
569,6000011,HP047,False,0,0.0,,0
570,6000012,HP048,False,0,0.0,,0
571,6000013,HP055,False,0,0.0,,0
572,6000014,KH0001,False,0,0.0,,0
573,6000015,KH0032,False,0,0.0,,0
574,6000016,KH0033,False,0,0.0,,0
575,6000017,KH0049,False,0,0.0,,0
576,6000018,KH0057,True,4,11.0,"21, 25, 29, 31",3.25
577,6000019,KH0058,False,0,0.0,,0
578,6000020,KH0067,False,0,0.0,,0
579,6000021,KH0080,False,0,0.0,,0
580,6000022,KH0081,True,3,6.333,"11, 26, 33",24.333
581,6000023,KH0083,False,0,0.0,,0
582,6000024,KH0197,False,0,0.0,,0
583,6000025,KH0227,True,1,4.0,11,14.0
584,6000026,KH0267,False,0,0.0,,0
585,6000027,KH0350,False,0,0.0,,0
586,6000028,MM001,True,1,6.5,16,45.0
587,6000029,MM002,False,0,0.0,,0
588,6000030,MM003,False,0,0.0,,0
589,6000031,MM004,True,2,0.5,"2, 8",20.0
590,6000032,MM005,False,0,0.0,,0
591,6000033,MM006/AN001,False,0,0.0,,0
592,6000034,MM007/AN002,False,0,0.0,,0
593,6000035,MM008,False,0,0.0,,0
594,6000036,MM009,False,0,0.0,,0
595,6000037,MM010,False,0,0.0,,0
596,6000038,MM011,False,0,0.0,,0
597,6000039,MM012,False,0,0.0,,0
598,6000040,MM013,False,0,0.0,,0
599,6000041,MM014,False,0,0.0,,0
600,6000042,MM015,True,1,0.5,1,24.0
601,6000043,MM016,False,0,0.0,,0
602,6000044,MM017,False,0,0.0,,0
603,6000045,MM018,False,0,0.0,,0
604,6000046,MM019,True,1,-14.5,4,22.0
605,6000047,MM020,True,1,8.0,17,4.0
606,6000048,MM021,False,0,0.0,,0
607,6000049,MM1086,False,0,0.0,,0
608,6000050,QU001,False,0,0.0,,0
609,6000051,QU002,True,1,-3.0,1,15.0
610,6000052,QU003,False,0,0.0,,0
611,6000053,QU004,False,0,0.0,,0
612,6000054,QU005,False,0,0.0,,0
613,6000055,QU006,False,0,0.0,,0
614,6000056,QU007,False,0,0.0,,0
615,6000057,QU008,False,0,0.0,,0
616,6000058,QU009,False,0,0.0,,0
617,6000059,QU010,False,0,0.0,,0
618,6000060,QU011,True,1,5.0,15,13.0
619,6000061,QU012,False,0,0.0,,0
620,6000062,QU013,False,0,0.0,,0
621,6000063,QU014,False,0,0.0,,0
622,6000064,QU015,True,2,3.5,"11, 24",17.0
623,6000065,QU016,False,0,0.0,,0
624,6000066,QU017,False,0,0.0,,0
625,6000067,QU018,True,3,-0.667,"0, 1, 6",7.0
626,6000068,QU019,False,0,0.0,,0
627,6000069,QU020,False,0,0.0,,0
628,6000070,QU021,False,0,0.0,,0
629,6000071,QU022,False,0,0.0,,0
630,6000072,UR001,False,0,0.0,,0
631,6000073,UR004,False,0,0.0,,0
632,6000074,UR017,True,1,10.5,23,7.0
633,6000075,UR039,False,0,0.0,,0
634,6000077,UR050,False,0,0.0,,0
635,6000078,UR052,False,0,0.0,,0
636,6000079,UR054,False,0,0.0,,0
637,6000080,UR055,False,0,0.0,,0
638,6000081,UR110,False,0,0.0,,0
639,6000082,UR112,False,0,0.0,,0
640,6000083,UR144,False,0,0.0,,0
641,6000084,UR155,False,0,0.0,,0
642,6000085,UR165,True,1,2.0,10,3.0
643,6000086,UR167,True,1,-1.0,0,19.0
644,6000087,UR190,True,1,-7.0,3,8.0
645,6000088,UR193,False,0,0.0,,0
646,6000089,UR221,False,0,0.0,,0
647,6000090,UR253,False,0,0.0,,0
648,6000091,UR280,False,0,0.0,,0
649,6000092,UR292A,False,0,0.0,,0
